,,,Breakpoint Positions
,,In Alignment, ,In Recombinant Sequence, ,Relative to 1_NA_2013-11-26,, , , , , , Detection Methods
Recombination Event Number, Number In .RDP File, Begin, End,Begin, End,Begin, End, Recombinant Sequence(s), Minor Parental Sequence(s), Major Parental Sequence(s), RDP, GENECONV, Bootscan, Maxchi, Chimaera, SiSscan,PhylPro, LARD, 3Seq
 1 ,1, 8*, 915, 8*, 903, 8*, 903,^KU982979_USA_Minnesota_2015-11-04,265_NC_2016-07-05,340_Kansas_5_2023, .0130541002030499,NS,NS, .000270967272241573,NS, 1.75984856812743E-23,NS,NS, 7.39600825028219E-10,
 1,,,,,,,,245_NA_2015-12-04,1_NA_2013-11-26,123_NA_3_2014
 1,,,,,,,,KU982978_USA_Nebraska_2015-12-04,4_NA_2014-01-02,122_NA_3_2014
 1,,,,,,,,,5_NA_2014-01-03,17_NA_1_2014
 1,,,,,,,,,6_NA_2014-01-03,50_NA_2_2014
 1,,,,,,,,,7_NA_2014-01-03,65_NA_2_2014
 1,,,,,,,,,8_NA_2014-01-03,57_NA_2_2014
 1,,,,,,,,,9_KY_2014-01-07,127_NA_3_2014
 1,,,,,,,,,10_MN_2014-01-09,284_Iowa_11_2017
 1,,,,,,,,,11_NA_2014-01-09,3_NA_1_2014
 1,,,,,,,,,12_NA_2014-01-09,264_NA_4_2016
 1,,,,,,,,,14_NA_2014-01-14,KJ645635.1_USA/Indiana_complete
 1,,,,,,,,,15_NA_2014-01-14,KJ645635_USA__Indiana_2013
 1,,,,,,,,,18_NA_2014-01-16,KJ645704_USA__Minnesota_2013
 1,,,,,,,,,19_NA_2014-01-17,KJ645702_USA__Ohio_2014
 1,,,,,,,,,22_NA_2014-01-22,KJ645655_USA__Minnesota_2013
 1,,,,,,,,,26_NA_2014-01-28,KT860508_USA__Illinois_2013
 1,,,,,,,,,27_NA_2014-01-28,KM975739_USA__Iowa_2013
 1,,,,,,,,,29_NA_2014-01-28,KM975738_USA__Iowa_2013
 1,,,,,,,,,30_NA_2014-01-29,KJ399978_USA__Ohio_2014
 1,,,,,,,,,31_KY_2014-01-29,KJ645695_USA__Iowa_2013
 1,,,,,,,,,33_NA_2014-01-29,KJ645696_USA__Iowa_2013
 1,,,,,,,,,34_NA_2014-01-29,KM975740_USA__Illinois_2013
 1,,,,,,,,,35_NA_2014-01-29,KM392232_USA_2013
 1,,,,,,,,,36_NA_2014-01-30,KR265759_USA__Minnesota_2014
 1,,,,,,,,,37_NA_2014-01-31,KR265760_USA__Minnesota_2014
 1,,,,,,,,,38_NA_2014-01-31,KT591944_USA__Illinois_2013
 1,,,,,,,,,39_NA_2014-01-31,KM975741_USA__Missouri_2014
 1,,,,,,,,,40_IL_2014-01-31,261_NA_4_2016
 1,,,,,,,,,42_MN_2014-02-03,248_NA_1_2016
 1,,,,,,,,,43_NA_2014-02-04,KJ645649_USA__Iowa_2013
 1,,,,,,,,,44_NA_2014-02-04,KP688354_USA__HI_2014
 1,,,,,,,,,48_NA_2014-02-04,KR265761_USA__Hawaii_2014
 1,,,,,,,,,49_NA_2014-02-05,257_Oklahoma_3_2016
 1,,,,,,,,,54_NA_2014-02-06,
 1,,,,,,,,,55_NA_2014-02-06,
 1,,,,,,,,,56_NA_2014-02-06,
 1,,,,,,,,,58_NA_2014-02-10,
 1,,,,,,,,,59_NA_2014-02-10,
 1,,,,,,,,,62_NA_2014-02-12,
 1,,,,,,,,,63_NA_2014-02-12,
 1,,,,,,,,,68_NA_2014-02-18,
 1,,,,,,,,,69_NA_2014-02-18,
 1,,,,,,,,,71_NA_2014-02-19,
 1,,,,,,,,,72_NA_2014-02-19,
 1,,,,,,,,,73_NA_2014-02-20,
 1,,,,,,,,,74_NA_2014-02-21,
 1,,,,,,,,,75_NA_2014-02-21,
 1,,,,,,,,,76_NA_2014-02-21,
 1,,,,,,,,,77_NA_2014-02-21,
 1,,,,,,,,,79_NA_2014-02-21,
 1,,,,,,,,,81_NA_2014-02-25,
 1,,,,,,,,,82_NA_2014-02-25,
 1,,,,,,,,,83_NA_2014-02-25,
 1,,,,,,,,,84_NA_2014-02-25,
 1,,,,,,,,,85_NA_2014-02-25,
 1,,,,,,,,,86_NA_2014-02-25,
 1,,,,,,,,,87_NA_2014-02-26,
 1,,,,,,,,,88_NA_2014-02-26,
 1,,,,,,,,,89_NA_2014-02-27,
 1,,,,,,,,,91_NA_2014-03-03,
 1,,,,,,,,,92_NA_2014-03-03,
 1,,,,,,,,,93_NA_2014-03-04,
 1,,,,,,,,,94_NA_2014-03-04,
 1,,,,,,,,,96_NA_2014-03-05,
 1,,,,,,,,,97_NA_2014-03-05,
 1,,,,,,,,,99_NA_2014-03-07,
 1,,,,,,,,,100_NA_2014-03-07,
 1,,,,,,,,,102_NA_2014-03-10,
 1,,,,,,,,,103_NA_2014-03-10,
 1,,,,,,,,,105_NA_2014-03-11,
 1,,,,,,,,,106_NA_2014-03-11,
 1,,,,,,,,,108_NA_2014-03-11,
 1,,,,,,,,,109_NA_2014-03-11,
 1,,,,,,,,,110_NA_2014-03-11,
 1,,,,,,,,,111_NA_2014-03-11,
 1,,,,,,,,,112_NA_2014-03-12,
 1,,,,,,,,,115_NA_2014-03-13,
 1,,,,,,,,,116_NA_2014-03-13,
 1,,,,,,,,,117_NA_2014-03-13,
 1,,,,,,,,,118_NA_2014-03-13,
 1,,,,,,,,,119_NA_2014-03-14,
 1,,,,,,,,,120_NA_2014-03-14,
 1,,,,,,,,,124_NA_2014-03-19,
 1,,,,,,,,,125_NA_2014-03-19,
 1,,,,,,,,,129_NA_2014-03-19,
 1,,,,,,,,,130_NA_2014-03-19,
 1,,,,,,,,,132_NA_2014-03-21,
 1,,,,,,,,,133_NA_2014-03-21,
 1,,,,,,,,,134_NA_2014-03-21,
 1,,,,,,,,,135_NA_2014-03-24,
 1,,,,,,,,,137_NA_2014-03-25,
 1,,,,,,,,,138_NA_2014-03-25,
 1,,,,,,,,,139_NA_2014-03-25,
 1,,,,,,,,,141_NA_2014-03-27,
 1,,,,,,,,,142_NA_2014-03-27,
 1,,,,,,,,,143_NA_2014-04-02,
 1,,,,,,,,,144_NA_2014-04-02,
 1,,,,,,,,,145_NA_2014-04-02,
 1,,,,,,,,,146_NA_2014-04-02,
 1,,,,,,,,,148_NA_2014-04-03,
 1,,,,,,,,,149_NA_2014-04-08,
 1,,,,,,,,,151_NA_2014-04-08,
 1,,,,,,,,,152_NA_2014-04-08,
 1,,,,,,,,,153_NA_2014-04-09,
 1,,,,,,,,,154_NA_2014-04-10,
 1,,,,,,,,,155_NA_2014-04-15,
 1,,,,,,,,,156_NA_2014-04-15,
 1,,,,,,,,,157_NA_2014-04-16,
 1,,,,,,,,,158_NA_2014-04-16,
 1,,,,,,,,,159_NA_2014-04-16,
 1,,,,,,,,,161_NA_2014-04-21,
 1,,,,,,,,,162_NA_2014-04-24,
 1,,,,,,,,,164_NA_2014-04-24,
 1,,,,,,,,,165_MN_2014-04-25,
 1,,,,,,,,,166_NA_2014-04-28,
 1,,,,,,,,,168_NA_2014-05-07,
 1,,,,,,,,,169_NA_2014-05-08,
 1,,,,,,,,,173_NA_2014-05-14,
 1,,,,,,,,,174_NA_2014-05-16,
 1,,,,,,,,,176_NA_2014-05-23,
 1,,,,,,,,,177_NA_2014-05-27,
 1,,,,,,,,,178_NA_2014-05-27,
 1,,,,,,,,,180_NA_2014-05-28,
 1,,,,,,,,,181_NA_2014-05-30,
 1,,,,,,,,,182_NA_2014-06-02,
 1,,,,,,,,,183_NA_2014-06-03,
 1,,,,,,,,,184_NA_2014-06-03,
 1,,,,,,,,,185_UNKNOWN_2014-06-16,
 1,,,,,,,,,188_UNKNOWN_2014-07-22,
 1,,,,,,,,,189_UNKNOWN_2014-07-22,
 1,,,,,,,,,190_UNKNOWN_2014-08-11,
 1,,,,,,,,,191_IA_2014-08-18,
 1,,,,,,,,,192_NA_2014-08-20,
 1,,,,,,,,,193_NA_2014-08-28,
 1,,,,,,,,,194_NA_2014-08-28,
 1,,,,,,,,,195_IA_2014-09-08,
 1,,,,,,,,,196_NA_2014-09-26,
 1,,,,,,,,,197_NA_2014-09-30,
 1,,,,,,,,,198_UNKNOWN_2014-10-09,
 1,,,,,,,,,199_UNKNOWN_2014-10-22,
 1,,,,,,,,,200_UNKNOWN_2014-10-22,
 1,,,,,,,,,201_UNKNOWN_2014-10-23,
 1,,,,,,,,,202_NA_2014-10-30,
 1,,,,,,,,,203_NA_2014-10-31,
 1,,,,,,,,,205_NA_2014-11-12,
 1,,,,,,,,,206_NC_2014-11-13,
 1,,,,,,,,,207_NA_2014-11-18,
 1,,,,,,,,,208_NA_2014-12-04,
 1,,,,,,,,,211_UNKNOWN_2015-01-07,
 1,,,,,,,,,212_MN_2015-01-09,
 1,,,,,,,,,213_UNKNOWN_2015-01-26,
 1,,,,,,,,,214_IL_2015-01-30,
 1,,,,,,,,,216_UNKNOWN_2015-02-06,
 1,,,,,,,,,217_IA_2015-02-11,
 1,,,,,,,,,219_NA_2015-02-25,
 1,,,,,,,,,220_NA_2015-02-25,
 1,,,,,,,,,221_NA_2015-03-07,
 1,,,,,,,,,222_NA_2015-03-10,
 1,,,,,,,,,223_MN_2015-03-17,
 1,,,,,,,,,224_NA_2015-03-24,
 1,,,,,,,,,225_UNKNOWN_2015-04-06,
 1,,,,,,,,,227_MO_2015-05-11,
 1,,,,,,,,,230_UNKNOWN_2015-06-03,
 1,,,,,,,,,236_MN_2015-10-20,
 1,,,,,,,,,237_NA_2015-10-21,
 1,,,,,,,,,241_NA_2015-11-05,
 1,,,,,,,,,242_NA_2015-11-06,
 1,,,,,,,,,244_NA_2015-11-27,
 1,,,,,,,,,250_NA_2016-01-21,
 1,,,,,,,,,256_NE_2016-02-25,
 1,,,,,,,,,259_MO_2016-04-11,
 1,,,,,,,,,260_NA_2016-04-13,
 1,,,,,,,,,263_UNKNOWN_2016-04-22,
 1,,,,,,,,,266_IA_2016-07-06,
 1,,,,,,,,,268_UNKNOWN_2017-01-03,
 1,,,,,,,,,270_OK_2017-01-11,
 1,,,,,,,,,271_KS_2017-01-11,
 1,,,,,,,,,293_OK_2018-02-06,
 1,,,,,,,,,294_OK_2018-02-16,
 1,,,,,,,,,295_OK_2018-02-16,
 1,,,,,,,,,297_OK_2018-02-26,
 1,,,,,,,,,298_OK_2018-03-07,
 1,,,,,,,,,300_CO_2018-08-28,
 1,,,,,,,,,302_OK_2019-01-29,
 1,,,,,,,,,308_OK_2019-03-15,
 1,,,,,,,,,311_KS_2019-05-03,
 1,,,,,,,,,312_OK_2019-05-07,
 1,,,,,,,,,313_TX_2019-05-08,
 1,,,,,,,,,315_KS_2019-10-21,
 1,,,,,,,,,325_UNKNOWN_2021-10-22,
 1,,,,,,,,,327_OK_2022-01-18,
 1,,,,,,,,,328_OK_2022-01-27,
 1,,,,,,,,,329_OK_2022-03-22,
 1,,,,,,,,,333_OK_2022-11-03,
 1,,,,,,,,,334_OK_2023-01-05,
 1,,,,,,,,,342_TX_2023-10-10,
 1,,,,,,,,,349_OK_2024-02-21,
 1,,,,,,,,,KM392224_USA_2013-06,
 1,,,,,,,,,KM392226_USA_2013-11,
 1,,,,,,,,,KM392225_USA_2013-06,
 1,,,,,,,,,KM392228_USA_2013-12,
 1,,,,,,,,,KM392230_USA_2013-12,
 1,,,,,,,,,KM392231_USA_2013-12,
 1,,,,,,,,,KM392227_USA_2013-11,
 1,,,,,,,,,MG334554_USA_Oklahoma_2017-02-07,
 1,,,,,,,,,KM975735_USA_NorthCarolina_2013-09-12,
 1,,,,,,,,,KM975736_USA_Iowa_2013-12-09,
 1,,,,,,,,,KR078299_USA_2013-06,
 1,,,,,,,,,KR078300_USA_2013-12,
 1,,,,,,,,,KR265763_USA_Illinois_2014-01-03,
 1,,,,,,,,,KR265765_USA_Nebraska_2014-04-02,
 1,,,,,,,,,KR265767_USA_Kansas_2014-10-31,
 1,,,,,,,,,KR265768_USA_Minnesota_2014-02-11,
 1,,,,,,,,,KR265770_USA_Illinois_2014-03-11,
 1,,,,,,,,,KR265771_USA_Minnesota_2014-08-18,
 1,,,,,,,,,KR265772_USA_Kentucky_2014-01-07,
 1,,,,,,,,,KR265773_USA_Minnesota_2014-03-27,
 1,,,,,,,,,KR265774_USA_SouthDakota_2014-05-16,
 1,,,,,,,,,KR265775_USA_Minnesota_2014-01-09,
 1,,,,,,,,,KR265776_USA_Minnesota_2014-02-03,
 1,,,,,,,,,KR265777_USA_Kansas_2014-03-13,
 1,,,,,,,,,KR265779_USA_Missouri_2014-01-14,
 1,,,,,,,,,KR265780_USA_Ohio_2014-01-17,
 1,,,,,,,,,KR265781_USA_Ohio_2014-02-25,
 1,,,,,,,,,KR265782_USA_Illinois_2014-04-16,
 1,,,,,,,,,KR265784_USA_Nebraska_2014-02-25,
 1,,,,,,,,,KR265785_USA_Illinois_2014-03-13,
 1,,,,,,,,,KR265786_USA_Illinois_2014-03-14,
 1,,,,,,,,,KR265787_USA_SouthDakota_2014-04-02,
 1,,,,,,,,,KR265788_USA_Minnesota_2014-04-08,
 1,,,,,,,,,KR265789_USA_Illinois_2014-04-16,
 1,,,,,,,,,KR265790_USA_Texas_2014-10-14,
 1,,,,,,,,,KR265791_USA_Kentucky_2014-01-29,
 1,,,,,,,,,KR265792_USA_Oklahoma_2014-09-26,
 1,,,,,,,,,KR265793_USA_Minnesota_2014-02-13,
 1,,,,,,,,,KR265794_USA_Minnesota_2014-03-04,
 1,,,,,,,,,KR265795_USA_Illinois_2014-03-07,
 1,,,,,,,,,KR265796_USA_Illinois_2014-03-19,
 1,,,,,,,,,KR265797_USA_Kansas_2014-03-27,
 1,,,,,,,,,KR265798_USA_Minnesota_2014-04-02,
 1,,,,,,,,,KR265799_USA_Minnesota_2014-02-12,
 1,,,,,,,,,KR265800_USA_Indiana_2014-03-04,
 1,,,,,,,,,KR265801_USA_Indiana_2014-03-12,
 1,,,,,,,,,KR265802_USA_Illinois_2014-03-14,
 1,,,,,,,,,KR265803_USA_Nebraska_2014-04-02,
 1,,,,,,,,,KR265804_USA_Illinois_2014-05-14,
 1,,,,,,,,,KR265805_USA_Iowa_2014-02-17,
 1,,,,,,,,,KR265806_USA_Minnesota_2014-04-07,
 1,,,,,,,,,KR265807_USA_Michigan_2014-02-17,
 1,,,,,,,,,KR265808_USA_Iowa_2014-02-17,
 1,,,,,,,,,KR265809_USA_Nebraska_2014-03-25,
 1,,,,,,,,,KR265810_USA_Oklahoma_2014-04-24,
 1,,,,,,,,,KR265812_USA_Colorado_2014-09-30,
 1,,,,,,,,,KR265814_USA_Kansas_2014-02-28,
 1,,,,,,,,,KR265815_USA_Illinois_2014-03-03,
 1,,,,,,,,,KR265817_USA_Illinois_2014-03-11,
 1,,,,,,,,,KR265816_USA_Minnesota_2014-03-10,
 1,,,,,,,,,KR265818_USA_Minnesota_2014-04-03,
 1,,,,,,,,,KR265819_USA_Kansas_2014-10-30,
 1,,,,,,,,,KR265820_USA_Missouri_2014-05-07,
 1,,,,,,,,,KR265821_USA_Missouri_2014-02-26,
 1,,,,,,,,,KR265822_USA_Michigan_2014-03-04,
 1,,,,,,,,,KR265823_USA_Colorado_2014-03-11,
 1,,,,,,,,,KR265824_USA_Oklahoma_2014-12-04,
 1,,,,,,,,,KR265825_USA_Minnesota_2014-03-05,
 1,,,,,,,,,KR265826_USA_Illinois_2014-03-13,
 1,,,,,,,,,KR265827_USA_Iowa_2014-04-07,
 1,,,,,,,,,KR265828_USA_Minnesota_2014-03-24,
 1,,,,,,,,,KR265830_USA_Ohio_2014-04-03,
 1,,,,,,,,,KR265834_USA_Texas_2014-11-18,
 1,,,,,,,,,KR265841_USA_Minnesota_2014-08-28,
 1,,,,,,,,,KR265840_USA_Ohio_2014-01-22,
 1,,,,,,,,,KR265842_USA_Minnesota_2014-08-28,
 1,,,,,,,,,KR265843_USA_Minnesota_2014-05-23,
 1,,,,,,,,,KR265844_USA_Missouri_2014-05-30,
 1,,,,,,,,,KR265845_USA_Oklahoma_2014-12-04,
 1,,,,,,,,,KR265846_USA_Missouri_2014-02-18,
 1,,,,,,,,,KU558702_USA_CO_2013-05-29,
 1,,,,,,,,,KU893861_USA_2013-06-01,
 1,,,,,,,,,KU893863_USA_2014-01-01,
 1,,,,,,,,,KU893862_USA_2013-10-01,
 1,,,,,,,,,KU893864_USA_2014-03-01,
 1,,,,,,,,,KU893865_USA_2014-03-01,
 1,,,,,,,,,KU893866_USA_2014-06-01,
 1,,,,,,,,,KU893867_USA_2014-08-01,
 1,,,,,,,,,KU893868_USA_2014-08-01,
 1,,,,,,,,,KU893870_USA_2015-06-01,
 1,,,,,,,,,KU893872_USA_2015-10-01,
 1,,,,,,,,,KU893871_USA_2015-06-01,
 1,,,,,,,,,KU893869_USA_2015-06-01,
 1,,,,,,,,,KU893873_USA_2015-10-01,
 1,,,,,,,,,KU982966_USA_Texas_2015-10-22,
 1,,,,,,,,,KU982967_USA_Kansas_2015-10-21,
 1,,,,,,,,,KU982968_USA_Oklahoma_2015-11-06,
 1,,,,,,,,,KU982969_USA_Iowa_2015-10-21,
 1,,,,,,,,,KU982970_USA_NorthDakota_2015-11-06,
 1,,,,,,,,,KU982971_USA_Minnesota_2015-01-09,
 1,,,,,,,,,KU982972_USA_Minnesota_2015-10-22,
 1,,,,,,,,,KU982973_USA_Minnesota_2015-11-12,
 1,,,,,,,,,KU982974_USA_Minnesota_2015-10-06,
 1,,,,,,,,,KU982975_USA_Missouri_2015-10-26,
 1,,,,,,,,,KU982976_USA_Texas_2015-10-22,
 1,,,,,,,,,KU982977_USA_Texas_2015-11-05,
 1,,,,,,,,,KU982980_USA_Minnesota_2015-10-20,
 1,,,,,,,,,KX580958_USA_2016-07-07,
 1,,,,,,,,,KF267450_USA_CO_2013-05-29,
 1,,,,,,,,,KF272920_USA_Colorado_2013-05-10,
 1,,,,,,,,,KF452323_USA_2013-05-07,
 1,,,,,,,,,KF468752_USA_Minnesota_2013-06-19,
 1,,,,,,,,,KF468753_USA_Iowa_2013,
 1,,,,,,,,,KF468754_USA_Iowa_2013,
 1,,,,,,,,,KF650370_USA_2013-05-16,
 1,,,,,,,,,KF650373_USA_2013-06-06,
 1,,,,,,,,,KF804028_USA_2013-05-16,
 1,,,,,,,,,KJ184549_USA_Kansas_2013,
 1,,,,,,,,,KJ408801_USA_Ohio_2014-01-23,
 1,,,,,,,,,KJ584361_USA_Ohio_2013-06-14,
 1,,,,,,,,,KJ645636_USA_Iowa_2013-07-14,
 1,,,,,,,,,KJ645637_USA_Kansas_2013-07-15,
 1,,,,,,,,,KJ645638_USA_Colorado_2013-07-22,
 1,,,,,,,,,KJ645639_USA_Texas_2013-07-22,
 1,,,,,,,,,KJ645640_USA_Oklahoma_2013-07-24,
 1,,,,,,,,,KJ645642_USA_Oklahoma_2013-08-26,
 1,,,,,,,,,KJ645643_USA_Kansas_2013-09-01,
 1,,,,,,,,,KJ645644_USA_Oklahoma_2013-09-07,
 1,,,,,,,,,KJ645645_USA_Texas_2013-09-28,
 1,,,,,,,,,KJ645646_USA_NorthCarolina_2013-10-05,
 1,,,,,,,,,KJ645647_USA_Minnesota_2013-10-14,
 1,,,,,,,,,KJ645648_USA_Minnesota_2013-10-20,
 1,,,,,,,,,KJ645650_USA_Kansas_2013-10-23,
 1,,,,,,,,,KJ645651_USA_Colorado_2013-10-23,
 1,,,,,,,,,KJ645652_USA_Minnesota_2013-11-02,
 1,,,,,,,,,KJ645653_USA_Wisconsin_2013-11-03,
 1,,,,,,,,,KJ645654_USA_Tennesse_2013-11-04,
 1,,,,,,,,,KJ645656_USA_Minnesota_2013-11-11,
 1,,,,,,,,,KJ645657_USA_Ohio_2013-11-12,
 1,,,,,,,,,KJ645658_USA_Minnesota_2013-11-18,
 1,,,,,,,,,KJ645659_USA_Illinois_2013-11-19,
 1,,,,,,,,,KJ645660_USA_Minnesota_2013-11-19,
 1,,,,,,,,,KJ645661_USA_Minnesota_2013-11-20,
 1,,,,,,,,,KJ645662_USA_NorthCarolina_2013-11-23,
 1,,,,,,,,,KJ645663_USA_Minnesota_2013-11-23,
 1,,,,,,,,,KJ645664_USA_Ohio_2013-11-24,
 1,,,,,,,,,KJ645665_USA_Ohio_2013-11-24,
 1,,,,,,,,,KJ645666_USA_Iowa_2013-11-24,
 1,,,,,,,,,KJ645667_USA_Minnesota_2013-11-28,
 1,,,,,,,,,KJ645668_USA_Minnesota_2013-11-25,
 1,,,,,,,,,KJ645669_USA_Wisconsin_2013-11-27,
 1,,,,,,,,,KJ645670_USA_Ohio_2013-11-27,
 1,,,,,,,,,KJ645671_USA_Minnesota_2013-11-30,
 1,,,,,,,,,KJ645672_USA_Minnesota_2013-11-28,
 1,,,,,,,,,KJ645673_USA_Minnesota_2013-11-28,
 1,,,,,,,,,KJ645674_USA_Minnesota_2013-11-30,
 1,,,,,,,,,KJ645675_USA_Illinois_2013-12-03,
 1,,,,,,,,,KJ645676_USA_Minnesota_2013-12-02,
 1,,,,,,,,,KJ645677_USA_Minnesota_2013-12-02,
 1,,,,,,,,,KJ645678_USA_Minnesota_2013-12-04,
 1,,,,,,,,,KJ645679_USA_Minnesota_2013-12-07,
 1,,,,,,,,,KJ645680_USA_Illinois_2013-12-04,
 1,,,,,,,,,KJ645681_USA_Minnesota_2013-12-04,
 1,,,,,,,,,KJ645682_USA_Minnesota_2013-12-04,
 1,,,,,,,,,KJ645684_USA_Missouri_2013-12-11,
 1,,,,,,,,,KJ645685_USA_Missouri_2013-12-11,
 1,,,,,,,,,KJ645686_USA_Minnesota_2013-12-10,
 1,,,,,,,,,KJ645687_USA_Minnesota_2013-12-10,
 1,,,,,,,,,KJ645688_USA_Iowa_2013-12-11,
 1,,,,,,,,,KJ645689_USA_Illinois_2013-12-11,
 1,,,,,,,,,KJ645690_USA_Illinois_2013-12-11,
 1,,,,,,,,,KJ645691_USA_Minnesota_2013-12-14,
 1,,,,,,,,,KJ645692_USA_Missouri_2013-12-15,
 1,,,,,,,,,KJ645693_USA_Missouri_2013-12-15,
 1,,,,,,,,,KJ645694_USA_Iowa_2013-12-15,
 1,,,,,,,,,KJ645697_USA_Texas_2013-11-12,
 1,,,,,,,,,KJ645698_USA_Ohio_2014-01-01,
 1,,,,,,,,,KJ645699_USA_Ohio_2013-12-15,
 1,,,,,,,,,KJ645701_USA_Kansas_2014-01-27,
 1,,,,,,,,,KJ645703_USA_Minnesota_2014-02-02,
 1,,,,,,,,,KJ645705_USA_Minnesota_2013-11-18,
 1,,,,,,,,,KJ645706_USA_Minnesota_2013-11-25,
 1,,,,,,,,,KJ645707_USA_Minnesota_2013-12-03,
 1,,,,,,,,,KJ778616_USA_2013-05-20,
 1,,,,,,,,,KJ778615_USA_2013-05-20,
 1,,,,,,,,,MF373643_USA_2014,
 1,,,,,,,,,KM052365_USA_2013-05-15,
 1,,,,,,,,,KM077139_USA_Minnesota_2014-01-22,

 2 ,2~, 8*, 955, 8*, 928, 8*, 943,^340_Kansas_5_2023,Unknown (250_NA_2016-01-21),296_IA_2018-02-19, .000238189893496343,NS, .00729686529381745, 8.23816654311436E-05,NS, 4.98448238993521E-24,NS,NS, 7.32984117846058E-09,
 2,,,,,,,,123_NA_3_2014,Unknown(1_NA_2013-11-26),233_MN_2015-10-19
 2,,,,,,,,122_NA_3_2014,Unknown(4_NA_2014-01-02),247_UNKNOWN_2016-01-05
 2,,,,,,,,17_NA_1_2014,Unknown(5_NA_2014-01-03),249_NA_2016-01-12
 2,,,,,,,,50_NA_2_2014,Unknown(6_NA_2014-01-03),254_NE_2016-02-17
 2,,,,,,,,65_NA_2_2014,Unknown(7_NA_2014-01-03),255_NE_2016-02-17
 2,,,,,,,,57_NA_2_2014,Unknown(8_NA_2014-01-03),269_NC_2017-01-06
 2,,,,,,,,127_NA_3_2014,Unknown(9_KY_2014-01-07),273_NC_2017-01-25
 2,,,,,,,,284_Iowa_11_2017,Unknown(10_MN_2014-01-09),274_NC_2017-01-25
 2,,,,,,,,3_NA_1_2014,Unknown(11_NA_2014-01-09),276_IA_2017-02-14
 2,,,,,,,,264_NA_4_2016,Unknown(12_NA_2014-01-09),280_UNKNOWN_2017-06-05
 2,,,,,,,,KJ645635.1_USA/Indiana_complete,Unknown(13_NA_2014-01-13),288_NC_2017-12-18
 2,,,,,,,,KJ645635_USA__Indiana_2013,Unknown(14_NA_2014-01-14),289_NC_2017-12-18
 2,,,,,,,,KJ645704_USA__Minnesota_2013,Unknown(15_NA_2014-01-14),301_IN_2018-10-30
 2,,,,,,,,KJ645702_USA__Ohio_2014,Unknown(16_NA_2014-01-14),304_IA_2019-02-13
 2,,,,,,,,KJ645655_USA__Minnesota_2013,Unknown(18_NA_2014-01-16),305_IA_2019-02-14
 2,,,,,,,,KT860508_USA__Illinois_2013,Unknown(19_NA_2014-01-17),306_TX_2019-03-01
 2,,,,,,,,KM975739_USA__Iowa_2013,Unknown(22_NA_2014-01-22),307_IA_2019-03-05
 2,,,,,,,,KM975738_USA__Iowa_2013,Unknown(26_NA_2014-01-28),309_IA_2019-03-22
 2,,,,,,,,KJ399978_USA__Ohio_2014,Unknown(28_NA_2014-01-28),310_IA_2019-04-02
 2,,,,,,,,KJ645695_USA__Iowa_2013,Unknown(29_NA_2014-01-28),314_IA_2019-05-10
 2,,,,,,,,KJ645696_USA__Iowa_2013,Unknown(30_NA_2014-01-29),316_IA_2019-11-14
 2,,,,,,,,KM975740_USA__Illinois_2013,Unknown(33_NA_2014-01-29),318_NC_2020-02-13
 2,,,,,,,,KM392232_USA_2013,Unknown(35_NA_2014-01-29),319_NC_2020-02-24
 2,,,,,,,,KR265759_USA__Minnesota_2014,Unknown(37_NA_2014-01-31),321_NC_2020-07-22
 2,,,,,,,,KR265760_USA__Minnesota_2014,Unknown(38_NA_2014-01-31),322_NC_2021-04-13
 2,,,,,,,,KT591944_USA__Illinois_2013,Unknown(40_IL_2014-01-31),326_IA_2021-11-23
 2,,,,,,,,KM975741_USA__Missouri_2014,Unknown(41_NA_2014-02-03),330_IL_2022-04-22
 2,,,,,,,,261_NA_4_2016,Unknown(42_MN_2014-02-03),331_PA_2022-05-25
 2,,,,,,,,248_NA_1_2016,Unknown(43_NA_2014-02-04),332_IN_2022-11-01
 2,,,,,,,,KJ645649_USA__Iowa_2013,Unknown(44_NA_2014-02-04),335_IN_2023-01-11
 2,,,,,,,,KP688354_USA__HI_2014,Unknown(45_NA_2014-02-04),336_IN_2023-01-11
 2,,,,,,,,KR265761_USA__Hawaii_2014,Unknown(46_NA_2014-02-04),341_IN_2023-06-14
 2,,,,,,,,257_Oklahoma_3_2016,Unknown(47_NA_2014-02-04),343_MI_2024-01-02
 2,,,,,,,,,Unknown(48_NA_2014-02-04),344_IA_2024-01-17
 2,,,,,,,,,Unknown(49_NA_2014-02-05),345_NC_2024-01-17
 2,,,,,,,,,Unknown(51_NA_2014-02-05),346_IN_2024-01-18
 2,,,,,,,,,Unknown(52_NA_2014-02-05),348_NC_2024-01-23
 2,,,,,,,,,Unknown(54_NA_2014-02-06),350_OH_2024-03-07
 2,,,,,,,,,Unknown(55_NA_2014-02-06),MG837058_USA_2017-05-31
 2,,,,,,,,,Unknown(56_NA_2014-02-06),KU982981_USA_Minnesota_2015-10-19
 2,,,,,,,,,Unknown(58_NA_2014-02-10),
 2,,,,,,,,,Unknown(59_NA_2014-02-10),
 2,,,,,,,,,Unknown(60_NA_2014-02-10),
 2,,,,,,,,,Unknown(62_NA_2014-02-12),
 2,,,,,,,,,Unknown(63_NA_2014-02-12),
 2,,,,,,,,,Unknown(66_NA_2014-02-14),
 2,,,,,,,,,Unknown(67_NA_2014-02-14),
 2,,,,,,,,,Unknown(68_NA_2014-02-18),
 2,,,,,,,,,Unknown(69_NA_2014-02-18),
 2,,,,,,,,,Unknown(70_NA_2014-02-19),
 2,,,,,,,,,Unknown(71_NA_2014-02-19),
 2,,,,,,,,,Unknown(72_NA_2014-02-19),
 2,,,,,,,,,Unknown(74_NA_2014-02-21),
 2,,,,,,,,,Unknown(75_NA_2014-02-21),
 2,,,,,,,,,Unknown(77_NA_2014-02-21),
 2,,,,,,,,,Unknown(79_NA_2014-02-21),
 2,,,,,,,,,Unknown(80_NA_2014-02-24),
 2,,,,,,,,,Unknown(81_NA_2014-02-25),
 2,,,,,,,,,Unknown(82_NA_2014-02-25),
 2,,,,,,,,,Unknown(83_NA_2014-02-25),
 2,,,,,,,,,Unknown(84_NA_2014-02-25),
 2,,,,,,,,,Unknown(87_NA_2014-02-26),
 2,,,,,,,,,Unknown(88_NA_2014-02-26),
 2,,,,,,,,,Unknown(89_NA_2014-02-27),
 2,,,,,,,,,Unknown(91_NA_2014-03-03),
 2,,,,,,,,,Unknown(92_NA_2014-03-03),
 2,,,,,,,,,Unknown(93_NA_2014-03-04),
 2,,,,,,,,,Unknown(94_NA_2014-03-04),
 2,,,,,,,,,Unknown(96_NA_2014-03-05),
 2,,,,,,,,,Unknown(97_NA_2014-03-05),
 2,,,,,,,,,Unknown(98_NA_2014-03-07),
 2,,,,,,,,,Unknown(99_NA_2014-03-07),
 2,,,,,,,,,Unknown(100_NA_2014-03-07),
 2,,,,,,,,,Unknown(102_NA_2014-03-10),
 2,,,,,,,,,Unknown(103_NA_2014-03-10),
 2,,,,,,,,,Unknown(105_NA_2014-03-11),
 2,,,,,,,,,Unknown(107_NA_2014-03-11),
 2,,,,,,,,,Unknown(108_NA_2014-03-11),
 2,,,,,,,,,Unknown(110_NA_2014-03-11),
 2,,,,,,,,,Unknown(111_NA_2014-03-11),
 2,,,,,,,,,Unknown(112_NA_2014-03-12),
 2,,,,,,,,,Unknown(113_NA_2014-03-12),
 2,,,,,,,,,Unknown(114_NA_2014-03-12),
 2,,,,,,,,,Unknown(115_NA_2014-03-13),
 2,,,,,,,,,Unknown(116_NA_2014-03-13),
 2,,,,,,,,,Unknown(117_NA_2014-03-13),
 2,,,,,,,,,Unknown(118_NA_2014-03-13),
 2,,,,,,,,,Unknown(119_NA_2014-03-14),
 2,,,,,,,,,Unknown(120_NA_2014-03-14),
 2,,,,,,,,,Unknown(124_NA_2014-03-19),
 2,,,,,,,,,Unknown(125_NA_2014-03-19),
 2,,,,,,,,,Unknown(126_NA_2014-03-19),
 2,,,,,,,,,Unknown(128_NA_2014-03-19),
 2,,,,,,,,,Unknown(129_NA_2014-03-19),
 2,,,,,,,,,Unknown(130_NA_2014-03-19),
 2,,,,,,,,,Unknown(131_NA_2014-03-20),
 2,,,,,,,,,Unknown(132_NA_2014-03-21),
 2,,,,,,,,,Unknown(133_NA_2014-03-21),
 2,,,,,,,,,Unknown(134_NA_2014-03-21),
 2,,,,,,,,,Unknown(135_NA_2014-03-24),
 2,,,,,,,,,Unknown(136_NA_2014-03-25),
 2,,,,,,,,,Unknown(137_NA_2014-03-25),
 2,,,,,,,,,Unknown(138_NA_2014-03-25),
 2,,,,,,,,,Unknown(139_NA_2014-03-25),
 2,,,,,,,,,Unknown(141_NA_2014-03-27),
 2,,,,,,,,,Unknown(142_NA_2014-03-27),
 2,,,,,,,,,Unknown(143_NA_2014-04-02),
 2,,,,,,,,,Unknown(145_NA_2014-04-02),
 2,,,,,,,,,Unknown(146_NA_2014-04-02),
 2,,,,,,,,,Unknown(147_NA_2014-04-02),
 2,,,,,,,,,Unknown(148_NA_2014-04-03),
 2,,,,,,,,,Unknown(149_NA_2014-04-08),
 2,,,,,,,,,Unknown(150_NA_2014-04-08),
 2,,,,,,,,,Unknown(151_NA_2014-04-08),
 2,,,,,,,,,Unknown(152_NA_2014-04-08),
 2,,,,,,,,,Unknown(153_NA_2014-04-09),
 2,,,,,,,,,Unknown(154_NA_2014-04-10),
 2,,,,,,,,,Unknown(155_NA_2014-04-15),
 2,,,,,,,,,Unknown(157_NA_2014-04-16),
 2,,,,,,,,,Unknown(158_NA_2014-04-16),
 2,,,,,,,,,Unknown(159_NA_2014-04-16),
 2,,,,,,,,,Unknown(161_NA_2014-04-21),
 2,,,,,,,,,Unknown(162_NA_2014-04-24),
 2,,,,,,,,,Unknown(164_NA_2014-04-24),
 2,,,,,,,,,Unknown(165_MN_2014-04-25),
 2,,,,,,,,,Unknown(166_NA_2014-04-28),
 2,,,,,,,,,Unknown(168_NA_2014-05-07),
 2,,,,,,,,,Unknown(169_NA_2014-05-08),
 2,,,,,,,,,Unknown(170_NA_2014-05-13),
 2,,,,,,,,,Unknown(172_NA_2014-05-13),
 2,,,,,,,,,Unknown(174_NA_2014-05-16),
 2,,,,,,,,,Unknown(175_NA_2014-05-20),
 2,,,,,,,,,Unknown(176_NA_2014-05-23),
 2,,,,,,,,,Unknown(177_NA_2014-05-27),
 2,,,,,,,,,Unknown(178_NA_2014-05-27),
 2,,,,,,,,,Unknown(180_NA_2014-05-28),
 2,,,,,,,,,Unknown(181_NA_2014-05-30),
 2,,,,,,,,,Unknown(182_NA_2014-06-02),
 2,,,,,,,,,Unknown(183_NA_2014-06-03),
 2,,,,,,,,,Unknown(184_NA_2014-06-03),
 2,,,,,,,,,Unknown(185_UNKNOWN_2014-06-16),
 2,,,,,,,,,Unknown(186_NA_2014-06-17),
 2,,,,,,,,,Unknown(187_UNKNOWN_2014-07-02),
 2,,,,,,,,,Unknown(188_UNKNOWN_2014-07-22),
 2,,,,,,,,,Unknown(189_UNKNOWN_2014-07-22),
 2,,,,,,,,,Unknown(190_UNKNOWN_2014-08-11),
 2,,,,,,,,,Unknown(192_NA_2014-08-20),
 2,,,,,,,,,Unknown(193_NA_2014-08-28),
 2,,,,,,,,,Unknown(194_NA_2014-08-28),
 2,,,,,,,,,Unknown(195_IA_2014-09-08),
 2,,,,,,,,,Unknown(196_NA_2014-09-26),
 2,,,,,,,,,Unknown(197_NA_2014-09-30),
 2,,,,,,,,,Unknown(198_UNKNOWN_2014-10-09),
 2,,,,,,,,,Unknown(199_UNKNOWN_2014-10-22),
 2,,,,,,,,,Unknown(200_UNKNOWN_2014-10-22),
 2,,,,,,,,,Unknown(201_UNKNOWN_2014-10-23),
 2,,,,,,,,,Unknown(205_NA_2014-11-12),
 2,,,,,,,,,Unknown(206_NC_2014-11-13),
 2,,,,,,,,,Unknown(208_NA_2014-12-04),
 2,,,,,,,,,Unknown(209_NA_2014-12-12),
 2,,,,,,,,,Unknown(210_NA_2014-12-12),
 2,,,,,,,,,Unknown(211_UNKNOWN_2015-01-07),
 2,,,,,,,,,Unknown(212_MN_2015-01-09),
 2,,,,,,,,,Unknown(213_UNKNOWN_2015-01-26),
 2,,,,,,,,,Unknown(214_IL_2015-01-30),
 2,,,,,,,,,Unknown(216_UNKNOWN_2015-02-06),
 2,,,,,,,,,Unknown(217_IA_2015-02-11),
 2,,,,,,,,,Unknown(219_NA_2015-02-25),
 2,,,,,,,,,Unknown(220_NA_2015-02-25),
 2,,,,,,,,,Unknown(221_NA_2015-03-07),
 2,,,,,,,,,Unknown(223_MN_2015-03-17),
 2,,,,,,,,,Unknown(224_NA_2015-03-24),
 2,,,,,,,,,Unknown(225_UNKNOWN_2015-04-06),
 2,,,,,,,,,Unknown(226_WY_2015-04-22),
 2,,,,,,,,,Unknown(227_MO_2015-05-11),
 2,,,,,,,,,Unknown(236_MN_2015-10-20),
 2,,,,,,,,,Unknown(237_NA_2015-10-21),
 2,,,,,,,,,Unknown(242_NA_2015-11-06),
 2,,,,,,,,,Unknown(244_NA_2015-11-27),
 2,,,,,,,,,Unknown(256_NE_2016-02-25),
 2,,,,,,,,,Unknown(259_MO_2016-04-11),
 2,,,,,,,,,Unknown(260_NA_2016-04-13),
 2,,,,,,,,,Unknown(265_NC_2016-07-05),
 2,,,,,,,,,Unknown(266_IA_2016-07-06),
 2,,,,,,,,,Unknown(268_UNKNOWN_2017-01-03),
 2,,,,,,,,,Unknown(270_OK_2017-01-11),
 2,,,,,,,,,Unknown(271_KS_2017-01-11),
 2,,,,,,,,,Unknown(293_OK_2018-02-06),
 2,,,,,,,,,Unknown(294_OK_2018-02-16),
 2,,,,,,,,,Unknown(295_OK_2018-02-16),
 2,,,,,,,,,Unknown(297_OK_2018-02-26),
 2,,,,,,,,,Unknown(298_OK_2018-03-07),
 2,,,,,,,,,Unknown(300_CO_2018-08-28),
 2,,,,,,,,,Unknown(302_OK_2019-01-29),
 2,,,,,,,,,Unknown(308_OK_2019-03-15),
 2,,,,,,,,,Unknown(311_KS_2019-05-03),
 2,,,,,,,,,Unknown(312_OK_2019-05-07),
 2,,,,,,,,,Unknown(313_TX_2019-05-08),
 2,,,,,,,,,Unknown(315_KS_2019-10-21),
 2,,,,,,,,,Unknown(325_UNKNOWN_2021-10-22),
 2,,,,,,,,,Unknown(327_OK_2022-01-18),
 2,,,,,,,,,Unknown(328_OK_2022-01-27),
 2,,,,,,,,,Unknown(329_OK_2022-03-22),
 2,,,,,,,,,Unknown(333_OK_2022-11-03),
 2,,,,,,,,,Unknown(334_OK_2023-01-05),
 2,,,,,,,,,Unknown(342_TX_2023-10-10),
 2,,,,,,,,,Unknown(349_OK_2024-02-21),
 2,,,,,,,,,Unknown(KM392224_USA_2013-06),
 2,,,,,,,,,Unknown(KM392226_USA_2013-11),
 2,,,,,,,,,Unknown(KM392225_USA_2013-06),
 2,,,,,,,,,Unknown(KM392228_USA_2013-12),
 2,,,,,,,,,Unknown(KM392230_USA_2013-12),
 2,,,,,,,,,Unknown(KM392231_USA_2013-12),
 2,,,,,,,,,Unknown(KM392227_USA_2013-11),
 2,,,,,,,,,Unknown(MG334554_USA_Oklahoma_2017-02-07),
 2,,,,,,,,,Unknown(KM975735_USA_NorthCarolina_2013-09-12),
 2,,,,,,,,,Unknown(KM975737_USA_NorthCarolina_2013-12-10),
 2,,,,,,,,,Unknown(KM975736_USA_Iowa_2013-12-09),
 2,,,,,,,,,Unknown(KP641661_USA_Ohio_2014-04-22),
 2,,,,,,,,,Unknown(KR078299_USA_2013-06),
 2,,,,,,,,,Unknown(KR078300_USA_2013-12),
 2,,,,,,,,,Unknown(KR265762_USA_Oklahoma_2014-12-12),
 2,,,,,,,,,Unknown(KR265763_USA_Illinois_2014-01-03),
 2,,,,,,,,,Unknown(KR265765_USA_Nebraska_2014-04-02),
 2,,,,,,,,,Unknown(KR265769_USA_Illinois_2014-03-04),
 2,,,,,,,,,Unknown(KR265770_USA_Illinois_2014-03-11),
 2,,,,,,,,,Unknown(KR265772_USA_Kentucky_2014-01-07),
 2,,,,,,,,,Unknown(KR265773_USA_Minnesota_2014-03-27),
 2,,,,,,,,,Unknown(KR265774_USA_SouthDakota_2014-05-16),
 2,,,,,,,,,Unknown(KR265775_USA_Minnesota_2014-01-09),
 2,,,,,,,,,Unknown(KR265776_USA_Minnesota_2014-02-03),
 2,,,,,,,,,Unknown(KR265777_USA_Kansas_2014-03-13),
 2,,,,,,,,,Unknown(KR265779_USA_Missouri_2014-01-14),
 2,,,,,,,,,Unknown(KR265780_USA_Ohio_2014-01-17),
 2,,,,,,,,,Unknown(KR265782_USA_Illinois_2014-04-16),
 2,,,,,,,,,Unknown(KR265784_USA_Nebraska_2014-02-25),
 2,,,,,,,,,Unknown(KR265785_USA_Illinois_2014-03-13),
 2,,,,,,,,,Unknown(KR265786_USA_Illinois_2014-03-14),
 2,,,,,,,,,Unknown(KR265788_USA_Minnesota_2014-04-08),
 2,,,,,,,,,Unknown(KR265789_USA_Illinois_2014-04-16),
 2,,,,,,,,,Unknown(KR265790_USA_Texas_2014-10-14),
 2,,,,,,,,,Unknown(KR265792_USA_Oklahoma_2014-09-26),
 2,,,,,,,,,Unknown(KR265793_USA_Minnesota_2014-02-13),
 2,,,,,,,,,Unknown(KR265794_USA_Minnesota_2014-03-04),
 2,,,,,,,,,Unknown(KR265795_USA_Illinois_2014-03-07),
 2,,,,,,,,,Unknown(KR265796_USA_Illinois_2014-03-19),
 2,,,,,,,,,Unknown(KR265797_USA_Kansas_2014-03-27),
 2,,,,,,,,,Unknown(KR265799_USA_Minnesota_2014-02-12),
 2,,,,,,,,,Unknown(KR265800_USA_Indiana_2014-03-04),
 2,,,,,,,,,Unknown(KR265801_USA_Indiana_2014-03-12),
 2,,,,,,,,,Unknown(KR265802_USA_Illinois_2014-03-14),
 2,,,,,,,,,Unknown(KR265803_USA_Nebraska_2014-04-02),
 2,,,,,,,,,Unknown(KR265805_USA_Iowa_2014-02-17),
 2,,,,,,,,,Unknown(KR265806_USA_Minnesota_2014-04-07),
 2,,,,,,,,,Unknown(KR265807_USA_Michigan_2014-02-17),
 2,,,,,,,,,Unknown(KR265808_USA_Iowa_2014-02-17),
 2,,,,,,,,,Unknown(KR265809_USA_Nebraska_2014-03-25),
 2,,,,,,,,,Unknown(KR265810_USA_Oklahoma_2014-04-24),
 2,,,,,,,,,Unknown(KR265812_USA_Colorado_2014-09-30),
 2,,,,,,,,,Unknown(KR265814_USA_Kansas_2014-02-28),
 2,,,,,,,,,Unknown(KR265815_USA_Illinois_2014-03-03),
 2,,,,,,,,,Unknown(KR265817_USA_Illinois_2014-03-11),
 2,,,,,,,,,Unknown(KR265820_USA_Missouri_2014-05-07),
 2,,,,,,,,,Unknown(KR265821_USA_Missouri_2014-02-26),
 2,,,,,,,,,Unknown(KR265822_USA_Michigan_2014-03-04),
 2,,,,,,,,,Unknown(KR265824_USA_Oklahoma_2014-12-04),
 2,,,,,,,,,Unknown(KR265825_USA_Minnesota_2014-03-05),
 2,,,,,,,,,Unknown(KR265826_USA_Illinois_2014-03-13),
 2,,,,,,,,,Unknown(KR265827_USA_Iowa_2014-04-07),
 2,,,,,,,,,Unknown(KR265828_USA_Minnesota_2014-03-24),
 2,,,,,,,,,Unknown(KR265830_USA_Ohio_2014-04-03),
 2,,,,,,,,,Unknown(KR265832_USA_Minnesota_2014-06-10),
 2,,,,,,,,,Unknown(KR265833_USA_Oklahoma_2014-12-12),
 2,,,,,,,,,Unknown(KR265841_USA_Minnesota_2014-08-28),
 2,,,,,,,,,Unknown(KR265840_USA_Ohio_2014-01-22),
 2,,,,,,,,,Unknown(KR265842_USA_Minnesota_2014-08-28),
 2,,,,,,,,,Unknown(KR265843_USA_Minnesota_2014-05-23),
 2,,,,,,,,,Unknown(KR265844_USA_Missouri_2014-05-30),
 2,,,,,,,,,Unknown(KR265845_USA_Oklahoma_2014-12-04),
 2,,,,,,,,,Unknown(KU558702_USA_CO_2013-05-29),
 2,,,,,,,,,Unknown(KU893861_USA_2013-06-01),
 2,,,,,,,,,Unknown(KU893863_USA_2014-01-01),
 2,,,,,,,,,Unknown(KU893862_USA_2013-10-01),
 2,,,,,,,,,Unknown(KU893864_USA_2014-03-01),
 2,,,,,,,,,Unknown(KU893865_USA_2014-03-01),
 2,,,,,,,,,Unknown(KU893866_USA_2014-06-01),
 2,,,,,,,,,Unknown(KU893867_USA_2014-08-01),
 2,,,,,,,,,Unknown(KU893868_USA_2014-08-01),
 2,,,,,,,,,Unknown(KU893870_USA_2015-06-01),
 2,,,,,,,,,Unknown(KU893872_USA_2015-10-01),
 2,,,,,,,,,Unknown(KU893871_USA_2015-06-01),
 2,,,,,,,,,Unknown(KU893869_USA_2015-06-01),
 2,,,,,,,,,Unknown(KU893873_USA_2015-10-01),
 2,,,,,,,,,Unknown(KU982967_USA_Kansas_2015-10-21),
 2,,,,,,,,,Unknown(KU982968_USA_Oklahoma_2015-11-06),
 2,,,,,,,,,Unknown(KU982969_USA_Iowa_2015-10-21),
 2,,,,,,,,,Unknown(KU982970_USA_NorthDakota_2015-11-06),
 2,,,,,,,,,Unknown(KU982971_USA_Minnesota_2015-01-09),
 2,,,,,,,,,Unknown(KU982975_USA_Missouri_2015-10-26),
 2,,,,,,,,,Unknown(KU982976_USA_Texas_2015-10-22),
 2,,,,,,,,,Unknown(KU982977_USA_Texas_2015-11-05),
 2,,,,,,,,,Unknown(KU982980_USA_Minnesota_2015-10-20),
 2,,,,,,,,,Unknown(KX580958_USA_2016-07-07),
 2,,,,,,,,,Unknown(KF267450_USA_CO_2013-05-29),
 2,,,,,,,,,Unknown(KF452322_USA_2013-04-29),
 2,,,,,,,,,Unknown(KF452323_USA_2013-05-07),
 2,,,,,,,,,Unknown(KF468752_USA_Minnesota_2013-06-19),
 2,,,,,,,,,Unknown(KF468754_USA_Iowa_2013),
 2,,,,,,,,,Unknown(KF650370_USA_2013-05-16),
 2,,,,,,,,,Unknown(KF650373_USA_2013-06-06),
 2,,,,,,,,,Unknown(KF804028_USA_2013-05-16),
 2,,,,,,,,,Unknown(KJ184549_USA_Kansas_2013),
 2,,,,,,,,,Unknown(KJ408801_USA_Ohio_2014-01-23),
 2,,,,,,,,,Unknown(KJ584361_USA_Ohio_2013-06-14),
 2,,,,,,,,,Unknown(KJ645636_USA_Iowa_2013-07-14),
 2,,,,,,,,,Unknown(KJ645638_USA_Colorado_2013-07-22),
 2,,,,,,,,,Unknown(KJ645640_USA_Oklahoma_2013-07-24),
 2,,,,,,,,,Unknown(KJ645642_USA_Oklahoma_2013-08-26),
 2,,,,,,,,,Unknown(KJ645644_USA_Oklahoma_2013-09-07),
 2,,,,,,,,,Unknown(KJ645645_USA_Texas_2013-09-28),
 2,,,,,,,,,Unknown(KJ645648_USA_Minnesota_2013-10-20),
 2,,,,,,,,,Unknown(KJ645650_USA_Kansas_2013-10-23),
 2,,,,,,,,,Unknown(KJ645651_USA_Colorado_2013-10-23),
 2,,,,,,,,,Unknown(KJ645652_USA_Minnesota_2013-11-02),
 2,,,,,,,,,Unknown(KJ645653_USA_Wisconsin_2013-11-03),
 2,,,,,,,,,Unknown(KJ645654_USA_Tennesse_2013-11-04),
 2,,,,,,,,,Unknown(KJ645656_USA_Minnesota_2013-11-11),
 2,,,,,,,,,Unknown(KJ645657_USA_Ohio_2013-11-12),
 2,,,,,,,,,Unknown(KJ645659_USA_Illinois_2013-11-19),
 2,,,,,,,,,Unknown(KJ645660_USA_Minnesota_2013-11-19),
 2,,,,,,,,,Unknown(KJ645664_USA_Ohio_2013-11-24),
 2,,,,,,,,,Unknown(KJ645665_USA_Ohio_2013-11-24),
 2,,,,,,,,,Unknown(KJ645667_USA_Minnesota_2013-11-28),
 2,,,,,,,,,Unknown(KJ645668_USA_Minnesota_2013-11-25),
 2,,,,,,,,,Unknown(KJ645669_USA_Wisconsin_2013-11-27),
 2,,,,,,,,,Unknown(KJ645670_USA_Ohio_2013-11-27),
 2,,,,,,,,,Unknown(KJ645671_USA_Minnesota_2013-11-30),
 2,,,,,,,,,Unknown(KJ645674_USA_Minnesota_2013-11-30),
 2,,,,,,,,,Unknown(KJ645675_USA_Illinois_2013-12-03),
 2,,,,,,,,,Unknown(KJ645683_USA_NorthCarolina_2013-12-08),
 2,,,,,,,,,Unknown(KJ645687_USA_Minnesota_2013-12-10),
 2,,,,,,,,,Unknown(KJ645690_USA_Illinois_2013-12-11),
 2,,,,,,,,,Unknown(KJ645691_USA_Minnesota_2013-12-14),
 2,,,,,,,,,Unknown(KJ645692_USA_Missouri_2013-12-15),
 2,,,,,,,,,Unknown(KJ645694_USA_Iowa_2013-12-15),
 2,,,,,,,,,Unknown(KJ645697_USA_Texas_2013-11-12),
 2,,,,,,,,,Unknown(KJ645698_USA_Ohio_2014-01-01),
 2,,,,,,,,,Unknown(KJ645699_USA_Ohio_2013-12-15),
 2,,,,,,,,,Unknown(KJ645701_USA_Kansas_2014-01-27),
 2,,,,,,,,,Unknown(KJ645706_USA_Minnesota_2013-11-25),
 2,,,,,,,,,Unknown(KJ645707_USA_Minnesota_2013-12-03),
 2,,,,,,,,,Unknown(KJ778616_USA_2013-05-20),
 2,,,,,,,,,Unknown(KM052365_USA_2013-05-15),

 3 ,3, 8*, 1056, 8*, 1029, 8*, 1044,^262_UNKNOWN_4_2016,Unknown (347_NC_2024-01-23),KU982968_USA_Oklahoma_2015-11-06,NS,NS,NS, .00207959911916404,NS, 3.88829159008398E-23,NS,NS, 5.42172972073374E-08,
 3,,,,,,,,53_NA_2_2014,Unknown(337_IA_2023-02-07),9_KY_2014-01-07
 3,,,,,,,,234_NorthCarolina_10_2015,Unknown(338_NC_2023-02-21),11_NA_2014-01-09
 3,,,,,,,,235_NorthCarolina_10_2015,Unknown(339_IA_2023-03-24),13_NA_2014-01-13
 3,,,,,,,,240_UNKNOWN_11_2015,Unknown(350_OH_2024-03-07),14_NA_2014-01-14
 3,,,,,,,,272_NorthCarolina_1_2017,,16_NA_2014-01-14
 3,,,,,,,,286_NorthCarolina_12_2017,,18_NA_2014-01-16
 3,,,,,,,,228_NorthCarolina_5_2015,,27_NA_2014-01-28
 3,,,,,,,,238_UNKNOWN_10_2015,,28_NA_2014-01-28
 3,,,,,,,,239_NorthCarolina_11_2015,,30_NA_2014-01-29
 3,,,,,,,,275_NorthCarolina_2_2017,,31_KY_2014-01-29
 3,,,,,,,,292_NorthCarolina_1_2018,,34_NA_2014-01-29
 3,,,,,,,,324_Pennsylvania_5_2021,,36_NA_2014-01-30
 3,,,,,,,,252_NorthCarolina_1_2016,,37_NA_2014-01-31
 3,,,,,,,,231_UNKNOWN_7_2015,,39_NA_2014-01-31
 3,,,,,,,,232_NorthCarolina_10_2015,,41_NA_2014-02-03
 3,,,,,,,,246_UNKNOWN_12_2015,,45_NA_2014-02-04
 3,,,,,,,,299_UNKNOWN_8_2018,,46_NA_2014-02-04
 3,,,,,,,,287_NorthCarolina_12_2017,,47_NA_2014-02-04
 3,,,,,,,,290_NorthCarolina_12_2017,,48_NA_2014-02-04
 3,,,,,,,,317_NorthCarolina_1_2020,,51_NA_2014-02-05
 3,,,,,,,,291_NorthCarolina_1_2018,,52_NA_2014-02-05
 3,,,,,,,,285_NorthCarolina_12_2017,,58_NA_2014-02-10
 3,,,,,,,,303_NorthCarolina_1_2019,,59_NA_2014-02-10
 3,,,,,,,,,,60_NA_2014-02-10
 3,,,,,,,,,,61_NA_2014-02-11
 3,,,,,,,,,,62_NA_2014-02-12
 3,,,,,,,,,,66_NA_2014-02-14
 3,,,,,,,,,,67_NA_2014-02-14
 3,,,,,,,,,,70_NA_2014-02-19
 3,,,,,,,,,,73_NA_2014-02-20
 3,,,,,,,,,,74_NA_2014-02-21
 3,,,,,,,,,,75_NA_2014-02-21
 3,,,,,,,,,,78_NA_2014-02-21
 3,,,,,,,,,,80_NA_2014-02-24
 3,,,,,,,,,,82_NA_2014-02-25
 3,,,,,,,,,,84_NA_2014-02-25
 3,,,,,,,,,,85_NA_2014-02-25
 3,,,,,,,,,,86_NA_2014-02-25
 3,,,,,,,,,,91_NA_2014-03-03
 3,,,,,,,,,,93_NA_2014-03-04
 3,,,,,,,,,,97_NA_2014-03-05
 3,,,,,,,,,,98_NA_2014-03-07
 3,,,,,,,,,,102_NA_2014-03-10
 3,,,,,,,,,,106_NA_2014-03-11
 3,,,,,,,,,,107_NA_2014-03-11
 3,,,,,,,,,,109_NA_2014-03-11
 3,,,,,,,,,,112_NA_2014-03-12
 3,,,,,,,,,,113_NA_2014-03-12
 3,,,,,,,,,,114_NA_2014-03-12
 3,,,,,,,,,,115_NA_2014-03-13
 3,,,,,,,,,,116_NA_2014-03-13
 3,,,,,,,,,,124_NA_2014-03-19
 3,,,,,,,,,,125_NA_2014-03-19
 3,,,,,,,,,,129_NA_2014-03-19
 3,,,,,,,,,,130_NA_2014-03-19
 3,,,,,,,,,,131_NA_2014-03-20
 3,,,,,,,,,,134_NA_2014-03-21
 3,,,,,,,,,,135_NA_2014-03-24
 3,,,,,,,,,,136_NA_2014-03-25
 3,,,,,,,,,,140_NA_2014-03-26
 3,,,,,,,,,,142_NA_2014-03-27
 3,,,,,,,,,,144_NA_2014-04-02
 3,,,,,,,,,,147_NA_2014-04-02
 3,,,,,,,,,,149_NA_2014-04-08
 3,,,,,,,,,,150_NA_2014-04-08
 3,,,,,,,,,,153_NA_2014-04-09
 3,,,,,,,,,,154_NA_2014-04-10
 3,,,,,,,,,,156_NA_2014-04-15
 3,,,,,,,,,,157_NA_2014-04-16
 3,,,,,,,,,,159_NA_2014-04-16
 3,,,,,,,,,,160_NA_2014-04-17
 3,,,,,,,,,,161_NA_2014-04-21
 3,,,,,,,,,,162_NA_2014-04-24
 3,,,,,,,,,,166_NA_2014-04-28
 3,,,,,,,,,,167_NA_2014-05-02
 3,,,,,,,,,,168_NA_2014-05-07
 3,,,,,,,,,,170_NA_2014-05-13
 3,,,,,,,,,,172_NA_2014-05-13
 3,,,,,,,,,,173_NA_2014-05-14
 3,,,,,,,,,,175_NA_2014-05-20
 3,,,,,,,,,,176_NA_2014-05-23
 3,,,,,,,,,,177_NA_2014-05-27
 3,,,,,,,,,,178_NA_2014-05-27
 3,,,,,,,,,,181_NA_2014-05-30
 3,,,,,,,,,,182_NA_2014-06-02
 3,,,,,,,,,,183_NA_2014-06-03
 3,,,,,,,,,,184_NA_2014-06-03
 3,,,,,,,,,,186_NA_2014-06-17
 3,,,,,,,,,,187_UNKNOWN_2014-07-02
 3,,,,,,,,,,189_UNKNOWN_2014-07-22
 3,,,,,,,,,,190_UNKNOWN_2014-08-11
 3,,,,,,,,,,191_IA_2014-08-18
 3,,,,,,,,,,196_NA_2014-09-26
 3,,,,,,,,,,197_NA_2014-09-30
 3,,,,,,,,,,198_UNKNOWN_2014-10-09
 3,,,,,,,,,,201_UNKNOWN_2014-10-23
 3,,,,,,,,,,202_NA_2014-10-30
 3,,,,,,,,,,203_NA_2014-10-31
 3,,,,,,,,,,204_NC_2014-11-10
 3,,,,,,,,,,205_NA_2014-11-12
 3,,,,,,,,,,207_NA_2014-11-18
 3,,,,,,,,,,208_NA_2014-12-04
 3,,,,,,,,,,209_NA_2014-12-12
 3,,,,,,,,,,210_NA_2014-12-12
 3,,,,,,,,,,211_UNKNOWN_2015-01-07
 3,,,,,,,,,,212_MN_2015-01-09
 3,,,,,,,,,,217_IA_2015-02-11
 3,,,,,,,,,,218_UNKNOWN_2015-02-13
 3,,,,,,,,,,219_NA_2015-02-25
 3,,,,,,,,,,220_NA_2015-02-25
 3,,,,,,,,,,221_NA_2015-03-07
 3,,,,,,,,,,222_NA_2015-03-10
 3,,,,,,,,,,226_WY_2015-04-22
 3,,,,,,,,,,227_MO_2015-05-11
 3,,,,,,,,,,230_UNKNOWN_2015-06-03
 3,,,,,,,,,,236_MN_2015-10-20
 3,,,,,,,,,,237_NA_2015-10-21
 3,,,,,,,,,,241_NA_2015-11-05
 3,,,,,,,,,,242_NA_2015-11-06
 3,,,,,,,,,,250_NA_2016-01-21
 3,,,,,,,,,,256_NE_2016-02-25
 3,,,,,,,,,,260_NA_2016-04-13
 3,,,,,,,,,,263_UNKNOWN_2016-04-22
 3,,,,,,,,,,265_NC_2016-07-05
 3,,,,,,,,,,267_UNKNOWN_2016-12-19
 3,,,,,,,,,,268_UNKNOWN_2017-01-03
 3,,,,,,,,,,270_OK_2017-01-11
 3,,,,,,,,,,271_KS_2017-01-11
 3,,,,,,,,,,281_NC_2017-10-24
 3,,,,,,,,,,282_NC_2017-11-01
 3,,,,,,,,,,283_NC_2017-11-01
 3,,,,,,,,,,293_OK_2018-02-06
 3,,,,,,,,,,294_OK_2018-02-16
 3,,,,,,,,,,295_OK_2018-02-16
 3,,,,,,,,,,297_OK_2018-02-26
 3,,,,,,,,,,298_OK_2018-03-07
 3,,,,,,,,,,300_CO_2018-08-28
 3,,,,,,,,,,302_OK_2019-01-29
 3,,,,,,,,,,308_OK_2019-03-15
 3,,,,,,,,,,311_KS_2019-05-03
 3,,,,,,,,,,312_OK_2019-05-07
 3,,,,,,,,,,313_TX_2019-05-08
 3,,,,,,,,,,315_KS_2019-10-21
 3,,,,,,,,,,320_NC_2020-04-15
 3,,,,,,,,,,325_UNKNOWN_2021-10-22
 3,,,,,,,,,,327_OK_2022-01-18
 3,,,,,,,,,,328_OK_2022-01-27
 3,,,,,,,,,,329_OK_2022-03-22
 3,,,,,,,,,,333_OK_2022-11-03
 3,,,,,,,,,,334_OK_2023-01-05
 3,,,,,,,,,,342_TX_2023-10-10
 3,,,,,,,,,,349_OK_2024-02-21
 3,,,,,,,,,,MG334554_USA_Oklahoma_2017-02-07
 3,,,,,,,,,,KM975735_USA_NorthCarolina_2013-09-12
 3,,,,,,,,,,KM975737_USA_NorthCarolina_2013-12-10
 3,,,,,,,,,,KP641661_USA_Ohio_2014-04-22
 3,,,,,,,,,,KR265762_USA_Oklahoma_2014-12-12
 3,,,,,,,,,,KR265764_USA_Minnesota_2014-02-18
 3,,,,,,,,,,KR265767_USA_Kansas_2014-10-31
 3,,,,,,,,,,KR265769_USA_Illinois_2014-03-04
 3,,,,,,,,,,KR265771_USA_Minnesota_2014-08-18
 3,,,,,,,,,,KR265772_USA_Kentucky_2014-01-07
 3,,,,,,,,,,KR265778_USA_Minnesota_2014-03-14
 3,,,,,,,,,,KR265779_USA_Missouri_2014-01-14
 3,,,,,,,,,,KR265781_USA_Ohio_2014-02-25
 3,,,,,,,,,,KR265782_USA_Illinois_2014-04-16
 3,,,,,,,,,,KR265783_USA_Minnesota_2014-02-14
 3,,,,,,,,,,KR265787_USA_SouthDakota_2014-04-02
 3,,,,,,,,,,KR265789_USA_Illinois_2014-04-16
 3,,,,,,,,,,KR265790_USA_Texas_2014-10-14
 3,,,,,,,,,,KR265791_USA_Kentucky_2014-01-29
 3,,,,,,,,,,KR265792_USA_Oklahoma_2014-09-26
 3,,,,,,,,,,KR265793_USA_Minnesota_2014-02-13
 3,,,,,,,,,,KR265794_USA_Minnesota_2014-03-04
 3,,,,,,,,,,KR265796_USA_Illinois_2014-03-19
 3,,,,,,,,,,KR265797_USA_Kansas_2014-03-27
 3,,,,,,,,,,KR265798_USA_Minnesota_2014-04-02
 3,,,,,,,,,,KR265800_USA_Indiana_2014-03-04
 3,,,,,,,,,,KR265804_USA_Illinois_2014-05-14
 3,,,,,,,,,,KR265811_USA_SouthDakota_2014-04-30
 3,,,,,,,,,,KR265812_USA_Colorado_2014-09-30
 3,,,,,,,,,,KR265813_USA_Minnesota_2014-02-20
 3,,,,,,,,,,KR265814_USA_Kansas_2014-02-28
 3,,,,,,,,,,KR265816_USA_Minnesota_2014-03-10
 3,,,,,,,,,,KR265818_USA_Minnesota_2014-04-03
 3,,,,,,,,,,KR265819_USA_Kansas_2014-10-30
 3,,,,,,,,,,KR265820_USA_Missouri_2014-05-07
 3,,,,,,,,,,KR265823_USA_Colorado_2014-03-11
 3,,,,,,,,,,KR265824_USA_Oklahoma_2014-12-04
 3,,,,,,,,,,KR265826_USA_Illinois_2014-03-13
 3,,,,,,,,,,KR265828_USA_Minnesota_2014-03-24
 3,,,,,,,,,,KR265829_USA_Minnesota_2014-04-17
 3,,,,,,,,,,KR265832_USA_Minnesota_2014-06-10
 3,,,,,,,,,,KR265833_USA_Oklahoma_2014-12-12
 3,,,,,,,,,,KR265834_USA_Texas_2014-11-18
 3,,,,,,,,,,KR265843_USA_Minnesota_2014-05-23
 3,,,,,,,,,,KR265844_USA_Missouri_2014-05-30
 3,,,,,,,,,,KR265845_USA_Oklahoma_2014-12-04
 3,,,,,,,,,,KU558702_USA_CO_2013-05-29
 3,,,,,,,,,,KU982966_USA_Texas_2015-10-22
 3,,,,,,,,,,KU982967_USA_Kansas_2015-10-21
 3,,,,,,,,,,KU982971_USA_Minnesota_2015-01-09
 3,,,,,,,,,,KU982972_USA_Minnesota_2015-10-22
 3,,,,,,,,,,KU982973_USA_Minnesota_2015-11-12
 3,,,,,,,,,,KU982974_USA_Minnesota_2015-10-06
 3,,,,,,,,,,KU982975_USA_Missouri_2015-10-26
 3,,,,,,,,,,KU982976_USA_Texas_2015-10-22
 3,,,,,,,,,,KU982977_USA_Texas_2015-11-05
 3,,,,,,,,,,KU982980_USA_Minnesota_2015-10-20
 3,,,,,,,,,,KF267450_USA_CO_2013-05-29
 3,,,,,,,,,,KF272920_USA_Colorado_2013-05-10
 3,,,,,,,,,,KF468753_USA_Iowa_2013
 3,,,,,,,,,,KJ645637_USA_Kansas_2013-07-15
 3,,,,,,,,,,KJ645638_USA_Colorado_2013-07-22
 3,,,,,,,,,,KJ645639_USA_Texas_2013-07-22
 3,,,,,,,,,,KJ645640_USA_Oklahoma_2013-07-24
 3,,,,,,,,,,KJ645642_USA_Oklahoma_2013-08-26
 3,,,,,,,,,,KJ645643_USA_Kansas_2013-09-01
 3,,,,,,,,,,KJ645644_USA_Oklahoma_2013-09-07
 3,,,,,,,,,,KJ645646_USA_NorthCarolina_2013-10-05
 3,,,,,,,,,,KJ645647_USA_Minnesota_2013-10-14
 3,,,,,,,,,,KJ645650_USA_Kansas_2013-10-23
 3,,,,,,,,,,KJ645651_USA_Colorado_2013-10-23
 3,,,,,,,,,,KJ645654_USA_Tennesse_2013-11-04
 3,,,,,,,,,,KJ645658_USA_Minnesota_2013-11-18
 3,,,,,,,,,,KJ645661_USA_Minnesota_2013-11-20
 3,,,,,,,,,,KJ645662_USA_NorthCarolina_2013-11-23
 3,,,,,,,,,,KJ645663_USA_Minnesota_2013-11-23
 3,,,,,,,,,,KJ645666_USA_Iowa_2013-11-24
 3,,,,,,,,,,KJ645668_USA_Minnesota_2013-11-25
 3,,,,,,,,,,KJ645669_USA_Wisconsin_2013-11-27
 3,,,,,,,,,,KJ645671_USA_Minnesota_2013-11-30
 3,,,,,,,,,,KJ645672_USA_Minnesota_2013-11-28
 3,,,,,,,,,,KJ645673_USA_Minnesota_2013-11-28
 3,,,,,,,,,,KJ645674_USA_Minnesota_2013-11-30
 3,,,,,,,,,,KJ645675_USA_Illinois_2013-12-03
 3,,,,,,,,,,KJ645676_USA_Minnesota_2013-12-02
 3,,,,,,,,,,KJ645677_USA_Minnesota_2013-12-02
 3,,,,,,,,,,KJ645678_USA_Minnesota_2013-12-04
 3,,,,,,,,,,KJ645679_USA_Minnesota_2013-12-07
 3,,,,,,,,,,KJ645681_USA_Minnesota_2013-12-04
 3,,,,,,,,,,KJ645682_USA_Minnesota_2013-12-04
 3,,,,,,,,,,KJ645683_USA_NorthCarolina_2013-12-08
 3,,,,,,,,,,KJ645684_USA_Missouri_2013-12-11
 3,,,,,,,,,,KJ645685_USA_Missouri_2013-12-11
 3,,,,,,,,,,KJ645686_USA_Minnesota_2013-12-10
 3,,,,,,,,,,KJ645687_USA_Minnesota_2013-12-10
 3,,,,,,,,,,KJ645688_USA_Iowa_2013-12-11
 3,,,,,,,,,,KJ645690_USA_Illinois_2013-12-11
 3,,,,,,,,,,KJ645692_USA_Missouri_2013-12-15
 3,,,,,,,,,,KJ645693_USA_Missouri_2013-12-15
 3,,,,,,,,,,KJ645697_USA_Texas_2013-11-12
 3,,,,,,,,,,KJ645701_USA_Kansas_2014-01-27
 3,,,,,,,,,,KJ645703_USA_Minnesota_2014-02-02
 3,,,,,,,,,,KJ645705_USA_Minnesota_2013-11-18
 3,,,,,,,,,,KJ778616_USA_2013-05-20
 3,,,,,,,,,,KJ778615_USA_2013-05-20
 3,,,,,,,,,,MF373643_USA_2014
 3,,,,,,,,,,KM052365_USA_2013-05-15
 3,,,,,,,,,,KM077139_USA_Minnesota_2014-01-22

 4 ,4~, 226*, 418, 223*, 415, 223*, 415,^KF452322_USA_2013-04-29,Unknown (338_NC_2023-02-21),244_NA_2015-11-27,NS, .0338157544850856,NS,NS,NS,NS,NS,NS, 5.87120835068289E-05,
 4,,,,,,,,,Unknown(326_IA_2021-11-23),11_NA_2014-01-09
 4,,,,,,,,,Unknown(330_IL_2022-04-22),18_NA_2014-01-16
 4,,,,,,,,,Unknown(343_MI_2024-01-02),30_NA_2014-01-29
 4,,,,,,,,,Unknown(344_IA_2024-01-17),74_NA_2014-02-21
 4,,,,,,,,,Unknown(345_NC_2024-01-17),99_NA_2014-03-07
 4,,,,,,,,,Unknown(347_NC_2024-01-23),112_NA_2014-03-12
 4,,,,,,,,,Unknown(348_NC_2024-01-23),115_NA_2014-03-13
 4,,,,,,,,,Unknown(350_OH_2024-03-07),124_NA_2014-03-19
 4,,,,,,,,,,125_NA_2014-03-19
 4,,,,,,,,,,129_NA_2014-03-19
 4,,,,,,,,,,130_NA_2014-03-19
 4,,,,,,,,,,162_NA_2014-04-24
 4,,,,,,,,,,176_NA_2014-05-23
 4,,,,,,,,,,184_NA_2014-06-03
 4,,,,,,,,,,185_UNKNOWN_2014-06-16
 4,,,,,,,,,,190_UNKNOWN_2014-08-11
 4,,,,,,,,,,198_UNKNOWN_2014-10-09
 4,,,,,,,,,,201_UNKNOWN_2014-10-23
 4,,,,,,,,,,203_NA_2014-10-31
 4,,,,,,,,,,208_NA_2014-12-04
 4,,,,,,,,,,213_UNKNOWN_2015-01-26
 4,,,,,,,,,,214_IL_2015-01-30
 4,,,,,,,,,,219_NA_2015-02-25
 4,,,,,,,,,,223_MN_2015-03-17
 4,,,,,,,,,,230_UNKNOWN_2015-06-03
 4,,,,,,,,,,237_NA_2015-10-21
 4,,,,,,,,,,242_NA_2015-11-06
 4,,,,,,,,,,250_NA_2016-01-21
 4,,,,,,,,,,256_NE_2016-02-25
 4,,,,,,,,,,259_MO_2016-04-11
 4,,,,,,,,,,260_NA_2016-04-13
 4,,,,,,,,,,263_UNKNOWN_2016-04-22
 4,,,,,,,,,,265_NC_2016-07-05
 4,,,,,,,,,,266_IA_2016-07-06
 4,,,,,,,,,,268_UNKNOWN_2017-01-03
 4,,,,,,,,,,270_OK_2017-01-11
 4,,,,,,,,,,271_KS_2017-01-11
 4,,,,,,,,,,293_OK_2018-02-06
 4,,,,,,,,,,295_OK_2018-02-16
 4,,,,,,,,,,297_OK_2018-02-26
 4,,,,,,,,,,298_OK_2018-03-07
 4,,,,,,,,,,300_CO_2018-08-28
 4,,,,,,,,,,302_OK_2019-01-29
 4,,,,,,,,,,308_OK_2019-03-15
 4,,,,,,,,,,311_KS_2019-05-03
 4,,,,,,,,,,312_OK_2019-05-07
 4,,,,,,,,,,313_TX_2019-05-08
 4,,,,,,,,,,315_KS_2019-10-21
 4,,,,,,,,,,325_UNKNOWN_2021-10-22
 4,,,,,,,,,,327_OK_2022-01-18
 4,,,,,,,,,,328_OK_2022-01-27
 4,,,,,,,,,,329_OK_2022-03-22
 4,,,,,,,,,,333_OK_2022-11-03
 4,,,,,,,,,,334_OK_2023-01-05
 4,,,,,,,,,,342_TX_2023-10-10
 4,,,,,,,,,,349_OK_2024-02-21
 4,,,,,,,,,,KM392224_USA_2013-06
 4,,,,,,,,,,KM392226_USA_2013-11
 4,,,,,,,,,,KM392225_USA_2013-06
 4,,,,,,,,,,KM392228_USA_2013-12
 4,,,,,,,,,,KM392230_USA_2013-12
 4,,,,,,,,,,KM392231_USA_2013-12
 4,,,,,,,,,,KM392227_USA_2013-11
 4,,,,,,,,,,MG334554_USA_Oklahoma_2017-02-07
 4,,,,,,,,,,KM975735_USA_NorthCarolina_2013-09-12
 4,,,,,,,,,,KM975736_USA_Iowa_2013-12-09
 4,,,,,,,,,,KP641661_USA_Ohio_2014-04-22
 4,,,,,,,,,,KR078299_USA_2013-06
 4,,,,,,,,,,KR078300_USA_2013-12
 4,,,,,,,,,,KR265762_USA_Oklahoma_2014-12-12
 4,,,,,,,,,,KR265763_USA_Illinois_2014-01-03
 4,,,,,,,,,,KR265764_USA_Minnesota_2014-02-18
 4,,,,,,,,,,KR265765_USA_Nebraska_2014-04-02
 4,,,,,,,,,,KR265767_USA_Kansas_2014-10-31
 4,,,,,,,,,,KR265768_USA_Minnesota_2014-02-11
 4,,,,,,,,,,KR265769_USA_Illinois_2014-03-04
 4,,,,,,,,,,KR265770_USA_Illinois_2014-03-11
 4,,,,,,,,,,KR265771_USA_Minnesota_2014-08-18
 4,,,,,,,,,,KR265772_USA_Kentucky_2014-01-07
 4,,,,,,,,,,KR265773_USA_Minnesota_2014-03-27
 4,,,,,,,,,,KR265774_USA_SouthDakota_2014-05-16
 4,,,,,,,,,,KR265775_USA_Minnesota_2014-01-09
 4,,,,,,,,,,KR265776_USA_Minnesota_2014-02-03
 4,,,,,,,,,,KR265777_USA_Kansas_2014-03-13
 4,,,,,,,,,,KR265778_USA_Minnesota_2014-03-14
 4,,,,,,,,,,KR265779_USA_Missouri_2014-01-14
 4,,,,,,,,,,KR265780_USA_Ohio_2014-01-17
 4,,,,,,,,,,KR265781_USA_Ohio_2014-02-25
 4,,,,,,,,,,KR265782_USA_Illinois_2014-04-16
 4,,,,,,,,,,KR265783_USA_Minnesota_2014-02-14
 4,,,,,,,,,,KR265784_USA_Nebraska_2014-02-25
 4,,,,,,,,,,KR265785_USA_Illinois_2014-03-13
 4,,,,,,,,,,KR265786_USA_Illinois_2014-03-14
 4,,,,,,,,,,KR265787_USA_SouthDakota_2014-04-02
 4,,,,,,,,,,KR265788_USA_Minnesota_2014-04-08
 4,,,,,,,,,,KR265789_USA_Illinois_2014-04-16
 4,,,,,,,,,,KR265790_USA_Texas_2014-10-14
 4,,,,,,,,,,KR265791_USA_Kentucky_2014-01-29
 4,,,,,,,,,,KR265792_USA_Oklahoma_2014-09-26
 4,,,,,,,,,,KR265793_USA_Minnesota_2014-02-13
 4,,,,,,,,,,KR265794_USA_Minnesota_2014-03-04
 4,,,,,,,,,,KR265795_USA_Illinois_2014-03-07
 4,,,,,,,,,,KR265796_USA_Illinois_2014-03-19
 4,,,,,,,,,,KR265797_USA_Kansas_2014-03-27
 4,,,,,,,,,,KR265798_USA_Minnesota_2014-04-02
 4,,,,,,,,,,KR265799_USA_Minnesota_2014-02-12
 4,,,,,,,,,,KR265800_USA_Indiana_2014-03-04
 4,,,,,,,,,,KR265801_USA_Indiana_2014-03-12
 4,,,,,,,,,,KR265802_USA_Illinois_2014-03-14
 4,,,,,,,,,,KR265803_USA_Nebraska_2014-04-02
 4,,,,,,,,,,KR265804_USA_Illinois_2014-05-14
 4,,,,,,,,,,KR265805_USA_Iowa_2014-02-17
 4,,,,,,,,,,KR265806_USA_Minnesota_2014-04-07
 4,,,,,,,,,,KR265807_USA_Michigan_2014-02-17
 4,,,,,,,,,,KR265808_USA_Iowa_2014-02-17
 4,,,,,,,,,,KR265809_USA_Nebraska_2014-03-25
 4,,,,,,,,,,KR265810_USA_Oklahoma_2014-04-24
 4,,,,,,,,,,KR265812_USA_Colorado_2014-09-30
 4,,,,,,,,,,KR265813_USA_Minnesota_2014-02-20
 4,,,,,,,,,,KR265814_USA_Kansas_2014-02-28
 4,,,,,,,,,,KR265815_USA_Illinois_2014-03-03
 4,,,,,,,,,,KR265817_USA_Illinois_2014-03-11
 4,,,,,,,,,,KR265816_USA_Minnesota_2014-03-10
 4,,,,,,,,,,KR265818_USA_Minnesota_2014-04-03
 4,,,,,,,,,,KR265819_USA_Kansas_2014-10-30
 4,,,,,,,,,,KR265820_USA_Missouri_2014-05-07
 4,,,,,,,,,,KR265821_USA_Missouri_2014-02-26
 4,,,,,,,,,,KR265822_USA_Michigan_2014-03-04
 4,,,,,,,,,,KR265823_USA_Colorado_2014-03-11
 4,,,,,,,,,,KR265824_USA_Oklahoma_2014-12-04
 4,,,,,,,,,,KR265825_USA_Minnesota_2014-03-05
 4,,,,,,,,,,KR265826_USA_Illinois_2014-03-13
 4,,,,,,,,,,KR265827_USA_Iowa_2014-04-07
 4,,,,,,,,,,KR265828_USA_Minnesota_2014-03-24
 4,,,,,,,,,,KR265829_USA_Minnesota_2014-04-17
 4,,,,,,,,,,KR265830_USA_Ohio_2014-04-03
 4,,,,,,,,,,KR265832_USA_Minnesota_2014-06-10
 4,,,,,,,,,,KR265833_USA_Oklahoma_2014-12-12
 4,,,,,,,,,,KR265834_USA_Texas_2014-11-18
 4,,,,,,,,,,KR265841_USA_Minnesota_2014-08-28
 4,,,,,,,,,,KR265840_USA_Ohio_2014-01-22
 4,,,,,,,,,,KR265842_USA_Minnesota_2014-08-28
 4,,,,,,,,,,KR265843_USA_Minnesota_2014-05-23
 4,,,,,,,,,,KR265844_USA_Missouri_2014-05-30
 4,,,,,,,,,,KR265846_USA_Missouri_2014-02-18
 4,,,,,,,,,,KU893861_USA_2013-06-01
 4,,,,,,,,,,KU893863_USA_2014-01-01
 4,,,,,,,,,,KU893862_USA_2013-10-01
 4,,,,,,,,,,KU893864_USA_2014-03-01
 4,,,,,,,,,,KU893865_USA_2014-03-01
 4,,,,,,,,,,KU893866_USA_2014-06-01
 4,,,,,,,,,,KU893867_USA_2014-08-01
 4,,,,,,,,,,KU893868_USA_2014-08-01
 4,,,,,,,,,,KU893870_USA_2015-06-01
 4,,,,,,,,,,KU893872_USA_2015-10-01
 4,,,,,,,,,,KU893871_USA_2015-06-01
 4,,,,,,,,,,KU893869_USA_2015-06-01
 4,,,,,,,,,,KU893873_USA_2015-10-01
 4,,,,,,,,,,KU982966_USA_Texas_2015-10-22
 4,,,,,,,,,,KU982967_USA_Kansas_2015-10-21
 4,,,,,,,,,,KU982968_USA_Oklahoma_2015-11-06
 4,,,,,,,,,,KU982969_USA_Iowa_2015-10-21
 4,,,,,,,,,,KU982970_USA_NorthDakota_2015-11-06
 4,,,,,,,,,,KU982971_USA_Minnesota_2015-01-09
 4,,,,,,,,,,KU982972_USA_Minnesota_2015-10-22
 4,,,,,,,,,,KU982973_USA_Minnesota_2015-11-12
 4,,,,,,,,,,KU982974_USA_Minnesota_2015-10-06
 4,,,,,,,,,,KU982975_USA_Missouri_2015-10-26
 4,,,,,,,,,,KU982976_USA_Texas_2015-10-22
 4,,,,,,,,,,KU982977_USA_Texas_2015-11-05
 4,,,,,,,,,,KU982980_USA_Minnesota_2015-10-20
 4,,,,,,,,,,KX580958_USA_2016-07-07
 4,,,,,,,,,,KF267450_USA_CO_2013-05-29
 4,,,,,,,,,,KF272920_USA_Colorado_2013-05-10
 4,,,,,,,,,,KF452323_USA_2013-05-07
 4,,,,,,,,,,KF468752_USA_Minnesota_2013-06-19
 4,,,,,,,,,,KF468753_USA_Iowa_2013
 4,,,,,,,,,,KF468754_USA_Iowa_2013
 4,,,,,,,,,,KF650370_USA_2013-05-16
 4,,,,,,,,,,KF650373_USA_2013-06-06
 4,,,,,,,,,,KF804028_USA_2013-05-16
 4,,,,,,,,,,KJ184549_USA_Kansas_2013
 4,,,,,,,,,,KJ408801_USA_Ohio_2014-01-23
 4,,,,,,,,,,KJ584361_USA_Ohio_2013-06-14
 4,,,,,,,,,,KJ645636_USA_Iowa_2013-07-14
 4,,,,,,,,,,KJ645637_USA_Kansas_2013-07-15
 4,,,,,,,,,,KJ645638_USA_Colorado_2013-07-22
 4,,,,,,,,,,KJ645639_USA_Texas_2013-07-22
 4,,,,,,,,,,KJ645640_USA_Oklahoma_2013-07-24
 4,,,,,,,,,,KJ645642_USA_Oklahoma_2013-08-26
 4,,,,,,,,,,KJ645643_USA_Kansas_2013-09-01
 4,,,,,,,,,,KJ645644_USA_Oklahoma_2013-09-07
 4,,,,,,,,,,KJ645645_USA_Texas_2013-09-28
 4,,,,,,,,,,KJ645646_USA_NorthCarolina_2013-10-05
 4,,,,,,,,,,KJ645647_USA_Minnesota_2013-10-14
 4,,,,,,,,,,KJ645648_USA_Minnesota_2013-10-20
 4,,,,,,,,,,KJ645650_USA_Kansas_2013-10-23
 4,,,,,,,,,,KJ645651_USA_Colorado_2013-10-23
 4,,,,,,,,,,KJ645652_USA_Minnesota_2013-11-02
 4,,,,,,,,,,KJ645653_USA_Wisconsin_2013-11-03
 4,,,,,,,,,,KJ645654_USA_Tennesse_2013-11-04
 4,,,,,,,,,,KJ645656_USA_Minnesota_2013-11-11
 4,,,,,,,,,,KJ645657_USA_Ohio_2013-11-12
 4,,,,,,,,,,KJ645658_USA_Minnesota_2013-11-18
 4,,,,,,,,,,KJ645659_USA_Illinois_2013-11-19
 4,,,,,,,,,,KJ645660_USA_Minnesota_2013-11-19
 4,,,,,,,,,,KJ645661_USA_Minnesota_2013-11-20
 4,,,,,,,,,,KJ645662_USA_NorthCarolina_2013-11-23
 4,,,,,,,,,,KJ645663_USA_Minnesota_2013-11-23
 4,,,,,,,,,,KJ645664_USA_Ohio_2013-11-24
 4,,,,,,,,,,KJ645665_USA_Ohio_2013-11-24
 4,,,,,,,,,,KJ645666_USA_Iowa_2013-11-24
 4,,,,,,,,,,KJ645667_USA_Minnesota_2013-11-28
 4,,,,,,,,,,KJ645668_USA_Minnesota_2013-11-25
 4,,,,,,,,,,KJ645669_USA_Wisconsin_2013-11-27
 4,,,,,,,,,,KJ645670_USA_Ohio_2013-11-27
 4,,,,,,,,,,KJ645671_USA_Minnesota_2013-11-30
 4,,,,,,,,,,KJ645672_USA_Minnesota_2013-11-28
 4,,,,,,,,,,KJ645673_USA_Minnesota_2013-11-28
 4,,,,,,,,,,KJ645674_USA_Minnesota_2013-11-30
 4,,,,,,,,,,KJ645675_USA_Illinois_2013-12-03
 4,,,,,,,,,,KJ645676_USA_Minnesota_2013-12-02
 4,,,,,,,,,,KJ645677_USA_Minnesota_2013-12-02
 4,,,,,,,,,,KJ645678_USA_Minnesota_2013-12-04
 4,,,,,,,,,,KJ645679_USA_Minnesota_2013-12-07
 4,,,,,,,,,,KJ645680_USA_Illinois_2013-12-04
 4,,,,,,,,,,KJ645681_USA_Minnesota_2013-12-04
 4,,,,,,,,,,KJ645682_USA_Minnesota_2013-12-04
 4,,,,,,,,,,KJ645684_USA_Missouri_2013-12-11
 4,,,,,,,,,,KJ645685_USA_Missouri_2013-12-11
 4,,,,,,,,,,KJ645686_USA_Minnesota_2013-12-10
 4,,,,,,,,,,KJ645687_USA_Minnesota_2013-12-10
 4,,,,,,,,,,KJ645688_USA_Iowa_2013-12-11
 4,,,,,,,,,,KJ645689_USA_Illinois_2013-12-11
 4,,,,,,,,,,KJ645690_USA_Illinois_2013-12-11
 4,,,,,,,,,,KJ645691_USA_Minnesota_2013-12-14
 4,,,,,,,,,,KJ645692_USA_Missouri_2013-12-15
 4,,,,,,,,,,KJ645693_USA_Missouri_2013-12-15
 4,,,,,,,,,,KJ645694_USA_Iowa_2013-12-15
 4,,,,,,,,,,KJ645697_USA_Texas_2013-11-12
 4,,,,,,,,,,KJ645698_USA_Ohio_2014-01-01
 4,,,,,,,,,,KJ645699_USA_Ohio_2013-12-15
 4,,,,,,,,,,KJ645701_USA_Kansas_2014-01-27
 4,,,,,,,,,,KJ645703_USA_Minnesota_2014-02-02
 4,,,,,,,,,,KJ645705_USA_Minnesota_2013-11-18
 4,,,,,,,,,,KJ645706_USA_Minnesota_2013-11-25
 4,,,,,,,,,,KJ645707_USA_Minnesota_2013-12-03
 4,,,,,,,,,,KJ778616_USA_2013-05-20
 4,,,,,,,,,,KJ778615_USA_2013-05-20
 4,,,,,,,,,,MF373643_USA_2014
 4,,,,,,,,,,KM052365_USA_2013-05-15
 4,,,,,,,,,,KM077139_USA_Minnesota_2014-01-22

Table Key:
~            = It is possible that this apparent recombination signal could have been caused by an evolutionary
               process other than recombination.
*            = The actual breakpoint position is undetermined (it was most likely overprinted by a subsequent 
               recombination event).
^            = The recombinant sequence may have been misidentified (one of the identified parents might be the recombinant)
Minor Parent = Parent contributing the smaller fraction of sequence.
Major Parent = Parent contributing the larger fraction of sequence.
Unknown      = Only one parent and a recombinant need be in the alignment for a recombination event to be detectable.
               The sequence listed as unknown was used to infer the existance of a missing parental sequence.
NS           = No significant P-value was recorded for this recombination event using this method.
